keyword,vertical,aio_present,aio_content_returned,aio_citation_domains_n,paid_count,first_organic_rank,features_above_first_organic,feature_types,aio_citation_domains,error
car insurance quotes,Insurance & Finance,True,True,6,0,2,1,ai_overview;organic;organic;organic;people_also_ask;organic;organic;organic;organic;organic;organic;related_searches;organic;organic;organic;organic;organic;organic;organic;organic;organic;organic;related_searches,mwg.aaa.com;www.allstate.com;www.compare.com;www.libertymutual.com;www.nerdwallet.com;www.thezebra.com,
cheap car insurance,Insurance & Finance,False,False,0,0,1,0,organic;people_also_ask;local_pack;local_pack;local_pack;organic;organic;organic;organic;organic;organic;organic;organic;organic;related_searches;organic;organic;organic;organic;organic;organic;organic;organic;organic;organic;related_searches,,
best life insurance,Insurance & Finance,True,True,10,0,2,1,ai_overview;organic;people_also_ask;organic;organic;organic;organic;organic;organic;organic;organic;related_searches;organic;organic;organic;organic;organic;organic;organic;organic;organic;organic;related_searches,money.com;www.ethos.com;www.geico.com;www.moneygeek.com;www.nerdwallet.com;www.policygenius.com;www.prudential.com;www.reddit.com;www.usnews.com;www.wsj.com,
home insurance quotes,Insurance & Finance,False,False,0,0,1,0,organic;organic;people_also_ask;organic;organic;organic;organic;organic;organic;organic;organic;related_searches;organic;organic;organic;organic;organic;organic;organic;organic;organic;organic;related_searches,,
best credit cards,Insurance & Finance,True,True,7,0,2,1,ai_overview;organic;organic;people_also_ask;organic;organic;organic;video;short_videos;organic;organic;related_searches;organic;organic;organic;organic;organic;organic;organic;organic;organic;organic;related_searches,choosefi.com;www.bankrate.com;www.camelsandchocolate.com;www.creditkarma.com;www.going.com;www.nerdwallet.com;www.point.me,
balance transfer credit card,Insurance & Finance,True,True,10,0,2,1,ai_overview;organic;product_considerations;people_also_ask;organic;organic;organic;organic;organic;organic;organic;short_videos;related_searches;organic;organic;organic;organic;organic;organic;organic;organic;organic;organic;related_searches,creditcards.chase.com;www.53.com;www.bankrate.com;www.creditkarma.com;www.equifax.com;www.experian.com;www.mastercard.com;www.nerdwallet.com;www.reddit.com;www.youtube.com,
personal loan rates,Insurance & Finance,True,True,2,0,2,1,ai_overview;organic;people_also_ask;organic;organic;organic;organic;organic;organic;organic;organic;related_searches;organic;organic;organic;organic;organic;organic;organic;organic;organic;organic;related_searches,www.bankrate.com;www.nerdwallet.com,
best high yield savings account,Insurance & Finance,True,True,10,0,2,1,ai_overview;organic;people_also_ask;organic;organic;organic;organic;organic;organic;organic;organic;related_searches;organic;organic;organic;organic;organic;organic;organic;organic;organic;organic;related_searches,fortune.com;thedailynavigator.com;www.bankrate.com;www.cnbc.com;www.forbes.com;www.investopedia.com;www.marcus.com;www.moneycrashers.com;www.nerdwallet.com;www.reddit.com,
mortgage rates today,Insurance & Finance,True,True,8,0,2,1,ai_overview;organic;people_also_ask;organic;organic;organic;organic;perspectives;organic;organic;organic;related_searches;organic;organic;organic;organic;organic;organic;organic;organic;organic;organic;related_searches,appraiser.landcor.com;money.usnews.com;spectramortgage.com;themortgagereports.com;www.bankrate.com;www.forbes.com;www.nerdwallet.com;www.wellsfargo.com,
refinance mortgage rates,Insurance & Finance,True,True,8,0,2,1,ai_overview;organic;people_also_ask;organic;organic;perspectives;organic;organic;organic;organic;organic;related_searches;organic;organic;organic;organic;organic;organic;organic;organic;organic;organic;related_searches,finance.yahoo.com;www.citi.com;www.citizensbank.com;www.credible.com;www.navyfederal.org;www.noradarealestate.com;www.rate.com;www.wellsfargo.com,
best travel insurance,Insurance & Finance,True,True,10,0,2,1,ai_overview;organic;organic;organic;organic;discussions_and_forums;people_also_ask;organic;organic;organic;organic;related_searches;organic;organic;organic;organic;organic;organic;organic;organic;organic;organic;related_searches,finance.yahoo.com;heritagefinancial.net;money.com;thepointsguy.com;www.cnbc.com;www.insuremytrip.com;www.internationalinsurance.com;www.nerdwallet.com;www.usnews.com;www.youtube.com,
pet insurance quotes,Insurance & Finance,False,False,0,0,1,0,organic;organic;organic;organic;organic;people_also_ask;organic;organic;video;organic;related_searches;organic;organic;organic;organic;organic;organic;organic;organic;organic;organic;related_searches,,
term life insurance quotes,Insurance & Finance,True,True,15,0,2,1,ai_overview;organic;organic;organic;organic;people_also_ask;organic;organic;organic;organic;organic;related_searches;organic;organic;organic;organic;organic;organic;organic;organic;organic;organic;related_searches,digital.fidelity.com;fidelitylife.com;lifeessentials.nationwide.com;www.aflac.com;www.bannerlife.com;www.fidelity.com;www.geico.com;www.guardianlife.com;www.libertymutual.com;www.nerdwallet.com;www.progressive.com;www.protective.com;www.prudential.com;www.selectquote.com;www.statefarm.com,
best auto insurance companies,Insurance & Finance,True,True,6,0,2,1,ai_overview;organic;organic;people_also_ask;organic;organic;organic;organic;organic;organic;organic;related_searches;organic;organic;organic;organic;organic;organic;organic;organic;organic;organic;related_searches,finance.yahoo.com;money.com;www.clickorlando.com;www.marketwatch.com;www.nerdwallet.com;www.usnews.com,
small business insurance,Insurance & Finance,False,False,0,0,1,0,organic;organic;organic;organic;local_pack;local_pack;local_pack;organic;product_considerations;people_also_ask;organic;organic;organic;short_videos;organic;related_searches;organic;organic;organic;organic;organic;organic;organic;organic;organic;organic;related_searches,,
best investment apps,Insurance & Finance,True,True,6,0,2,1,ai_overview;organic;people_also_ask;organic;organic;organic;organic;video;organic;organic;organic;related_searches;organic;organic;organic;organic;organic;organic;organic;organic;organic;organic;related_searches,www.acorns.com;www.cnbc.com;www.finder.com;www.forbes.com;www.nerdwallet.com;www.raisin.com,
best roth ira accounts,Insurance & Finance,True,True,7,0,2,1,ai_overview;organic;people_also_ask;organic;organic;video;organic;organic;organic;organic;organic;related_searches;organic;organic;organic;organic;organic;organic;organic;organic;organic;organic;related_searches,smartasset.com;www.cnbc.com;www.fool.com;www.investopedia.com;www.nerdwallet.com;www.reddit.com;www.youtube.com,
best online brokerage,Insurance & Finance,True,True,4,0,2,1,ai_overview;organic;organic;organic;organic;people_also_ask;organic;organic;organic;organic;short_videos;related_searches;organic;organic;organic;organic;organic;organic;organic;organic;organic;organic;related_searches,www.cnbc.com;www.forbes.com;www.investopedia.com;www.nerdwallet.com,
health insurance plans,Insurance & Finance,False,False,0,0,1,0,organic;organic;organic;people_also_ask;organic;organic;organic;organic;organic;organic;organic;related_searches;organic;organic;organic;organic;organic;organic;organic;organic;organic;organic;related_searches,,
renters insurance quotes,Insurance & Finance,False,False,0,0,1,0,organic;organic;organic;organic;organic;organic;people_also_ask;organic;organic;organic;organic;related_searches;organic;organic;organic;organic;organic;organic;organic;organic;organic;organic;related_searches,,
weight loss medication,Healthcare,True,True,21,0,3,2,ai_overview;product_considerations;organic;people_also_ask;organic;organic;organic;organic;organic;organic;organic;organic;related_searches;organic;organic;organic;organic;organic;organic;organic;organic;organic;organic;related_searches,activated.health;bodevolvebariatric.com;getthinfl.com;healthcare.utah.edu;klinic.com;medvidi.com;my.clevelandclinic.org;obesitymedicine.org;omgwellnessmd.com;pmc.ncbi.nlm.nih.gov;thepafp.org;weightlosssurgeon.com;www.cvs.com;www.everlywell.com;www.goodrx.com;www.massgeneralbrigham.org;www.mayoclinic.org;www.medicare.gov;www.rheumatologyadvisor.com;www.snhhealth.org;www.walgreens.com,
best weight loss programs,Healthcare,True,True,9,0,2,1,ai_overview;organic;organic;organic;people_also_ask;organic;local_pack;local_pack;local_pack;organic;organic;organic;organic;organic;related_searches;organic;organic;organic;organic;organic;organic;organic;organic;organic;organic;related_searches,dailyburn.com;diet.mayoclinic.org;fortune.com;www.betterhealth.vic.gov.au;www.cdc.gov;www.healthline.com;www.mayoclinic.org;www.today.com;www.youtube.com,
teeth whitening kit,Healthcare,False,False,0,0,3,2,popular_products;people_also_ask;organic;organic;organic;product_considerations;organic;organic;organic;images;organic;organic;organic;related_searches;organic;organic;organic;organic;organic;organic;organic;organic;organic;organic;popular_products;popular_products;related_searches,,
lasik eye surgery cost,Healthcare,True,True,12,0,2,1,ai_overview;organic;people_also_ask;organic;discussions_and_forums;organic;organic;organic;organic;organic;organic;related_searches;organic;organic;organic;organic;organic;organic;organic;organic;organic;organic;related_searches,americanrefractivesurgerycouncil.org;goelvision.com;lasik.qualsight.com;us-uk.bookimed.com;www.carecredit.com;www.instagram.com;www.julietteeye.com;www.lakelandeyedoctors.com;www.lasik.com;www.manhattaneyenyc.com;www.michiganmedicine.org;www.vsp.com,
best hearing aids,Healthcare,True,True,4,0,2,1,ai_overview;organic;people_also_ask;organic;organic;popular_products;organic;video;organic;organic;organic;organic;related_searches;organic;organic;organic;organic;organic;organic;organic;popular_products;organic;organic;organic;popular_products;related_searches,www.consumerreports.org;www.hearingtracker.com;www.ncoa.org;www.seniorliving.org,
best mattress for back pain,Healthcare,True,True,14,0,2,1,ai_overview;organic;people_also_ask;organic;organic;organic;popular_products;organic;organic;organic;organic;organic;related_searches;organic;organic;popular_products;organic;organic;organic;organic;organic;organic;organic;organic;popular_products;popular_products;related_searches,goholistiq.com;naplab.com;vayasleep.com;www.aarp.org;www.healthline.com;www.latexforless.com;www.mattressclarity.com;www.mattressnerd.com;www.nationalmattress.ca;www.ncoa.org;www.reddit.com;www.sleepadvisor.org;www.sleepfoundation.org;www.turmerry.com,
online therapy services,Healthcare,True,True,8,0,2,1,ai_overview;organic;organic;organic;organic;organic;organic;organic;organic;people_also_ask;organic;related_searches;organic;organic;organic;organic;organic;organic;organic;organic;organic;organic;related_searches,counselingnow.com;growtherapy.com;openpathcollective.org;www.betterhelp.com;www.choosingtherapy.com;www.forbes.com;www.psychologytoday.com;www.talkspace.com,
telehealth appointment,Healthcare,False,False,0,0,1,0,organic;organic;product_considerations;people_also_ask;local_pack;local_pack;local_pack;organic;organic;organic;organic;organic;organic;organic;organic;related_searches;organic;organic;organic;organic;organic;organic;organic;organic;organic;organic;related_searches,,
best multivitamin,Healthcare,True,True,8,0,2,1,ai_overview;organic;organic;organic;organic;discussions_and_forums;people_also_ask;organic;organic;organic;organic;related_searches;organic;organic;organic;organic;organic;organic;organic;organic;organic;organic;related_searches,ethnobotanyjournal.org;fortune.com;www.amazon.com;www.hopkinsmedicine.org;www.mattioli1885journals.com;www.nytimes.com;www.reddit.com;www.youtube.com,
hair loss treatment,Healthcare,True,True,16,0,3,2,ai_overview;product_considerations;organic;people_also_ask;popular_products;organic;local_pack;local_pack;local_pack;organic;perspectives;organic;organic;organic;organic;organic;related_searches;organic;organic;organic;organic;organic;organic;organic;organic;organic;organic;popular_products;popular_products;related_searches,finetunemedspa.com;himandhair.com;lasercap.com;my.clevelandclinic.org;pmc.ncbi.nlm.nih.gov;uncover.co.in;www.alopecia.org.uk;www.consumerreports.org;www.facesplus.com;www.google.com;www.health.harvard.edu;www.mayoclinic.org;www.teasurgery.com;www.truedermmd.com;www.vcuhealth.org;www.youtube.com,
invisalign cost,Healthcare,True,True,8,0,2,1,ai_overview;organic;people_also_ask;organic;discussions_and_forums;organic;organic;organic;organic;organic;organic;organic;related_searches;organic;organic;organic;organic;organic;organic;organic;organic;organic;organic;related_searches,thecdgofhouston.com;wowsmiles.com;www.carecredit.com;www.dallasdesignersmiles.com;www.freemanortho.com;www.goodrx.com;www.invisalign.com;www.zocdoc.com,
dental implants cost,Healthcare,True,True,10,0,3,2,ai_overview;people_also_ask;organic;organic;organic;organic;video;organic;organic;organic;organic;related_searches;organic;organic;organic;organic;organic;organic;organic;organic;organic;organic;related_searches,mainstreetdentalnewark.com;www.aspendental.com;www.bradleydentalcenter.com;www.cwddentalgroup.com;www.deltadental.com;www.goodrx.com;www.greatlakesfamilydentalgroup.com;www.implantperiocenter.com;www.metlife.com;www.thedentalexpress.com,
best cpap machine,Healthcare,True,True,4,0,2,1,ai_overview;organic;people_also_ask;organic;organic;discussions_and_forums;video;popular_products;popular_products;organic;organic;organic;organic;related_searches;organic;organic;organic;organic;popular_products;popular_products;organic;organic;popular_products;organic;popular_products;organic;popular_products;organic;organic;related_searches,isleephst.com;www.sleepfoundation.org;www.yourcaremedicalsupply.com;www.youtube.com,
knee replacement surgery cost,Healthcare,True,True,8,0,2,1,ai_overview;organic;people_also_ask;organic;organic;organic;organic;organic;organic;organic;organic;related_searches;organic;organic;organic;organic;organic;organic;organic;organic;organic;organic;related_searches,carrumhealth.com;cost.sidecarhealth.com;curaechoice.com;www.andrewwicklinemd.com;www.drdelarosa.com.mx;www.healthline.com;www.healthpartners.com;www.youtube.com,
allergy medicine,Healthcare,True,True,9,0,2,1,ai_overview;organic;product_considerations;people_also_ask;organic;organic;organic;video;organic;organic;organic;organic;related_searches;organic;organic;organic;organic;organic;organic;organic;organic;organic;organic;related_searches,aafa.org;doralhw.org;hartfordhealthcare.org;sesamecare.com;www.colorado.edu;www.cvs.com;www.goodrx.com;www.scenthouston.com;www.webmd.com,
blood pressure monitor,Healthcare,False,False,0,0,3,2,popular_products;people_also_ask;organic;organic;organic;product_considerations;organic;video;organic;organic;popular_products;organic;organic;organic;related_searches;organic;organic;organic;organic;organic;organic;organic;organic;organic;images;popular_products;popular_products;related_searches,,
best probiotics,Healthcare,True,True,10,0,2,1,ai_overview;organic;people_also_ask;organic;organic;discussions_and_forums;organic;organic;organic;organic;organic;related_searches;organic;organic;organic;organic;organic;organic;organic;organic;organic;organic;related_searches,balloonguthealth.com;cdhf.ca;fortune.com;health.usnews.com;health.yahoo.com;resources.healthgrades.com;signaturehealthcare.org;www.forbes.com;www.health.harvard.edu;www.youtube.com,
medical alert systems,Healthcare,True,True,12,0,2,1,ai_overview;organic;product_considerations;people_also_ask;organic;organic;organic;organic;popular_products;organic;organic;organic;organic;related_searches;organic;organic;organic;organic;organic;organic;organic;organic;organic;organic;popular_products;popular_products;related_searches,digitalhealth.folio3.com;realestate.usnews.com;www.aarp.org;www.alert-1.com;www.bayalarmmedical.com;www.facebook.com;www.medicalalert.com;www.medicalcarealert.com;www.ncoa.org;www.safehome.org;www.thealarmmasters.com;www.youtube.com,
physical therapy near me,Healthcare,False,False,0,0,5,4,local_pack;local_pack;local_pack;people_also_ask;organic;organic;organic;organic;organic;organic;organic;organic;organic;related_searches;organic;organic;organic;organic;organic;organic;organic;organic;organic;organic;related_searches,,
best prenatal vitamins,Healthcare,True,True,8,0,2,1,ai_overview;organic;organic;organic;people_also_ask;organic;organic;organic;organic;organic;organic;related_searches;organic;organic;organic;organic;organic;organic;organic;organic;organic;organic;related_searches,fortune.com;health.usnews.com;pinkstork.com;www.christushealth.org;www.mayoclinic.org;www.reddit.com;www.thebump.com;www.whattoexpect.com,
best project management software,B2B SaaS,True,True,7,0,2,1,ai_overview;organic;organic;organic;people_also_ask;organic;organic;organic;video;perspectives;organic;related_searches;organic;organic;organic;organic;organic;organic;organic;organic;organic;organic;related_searches,asana.com;efficient.app;www.g2.com;www.paymoapp.com;www.wrike.com;www.youtube.com;zapier.com,
best crm software,B2B SaaS,True,True,10,0,2,1,ai_overview;organic;organic;organic;organic;organic;organic;people_also_ask;organic;video;organic;related_searches;organic;organic;organic;organic;organic;organic;organic;organic;organic;organic;related_searches,britenet.eu;jrsdynamics.com;leadsbridge.com;veloxy.io;ventureharbour.com;www.creatio.com;www.g2.com;www.optimonk.com;www.worldlightmedia.com;www.youtube.com,
best email marketing software,B2B SaaS,False,False,0,0,1,0,organic;organic;organic;organic;organic;organic;organic;video;organic;related_searches;organic;organic;organic;organic;organic;organic;organic;organic;organic;organic;related_searches,,
best accounting software,B2B SaaS,False,False,0,0,1,0,organic;organic;people_also_ask;organic;organic;organic;video;organic;organic;perspectives;organic;related_searches;organic;organic;organic;organic;organic;organic;organic;organic;organic;organic;related_searches,,
best hr software,B2B SaaS,True,True,8,0,2,1,ai_overview;organic;organic;organic;organic;people_also_ask;organic;video;organic;organic;organic;related_searches;organic;organic;organic;organic;organic;organic;organic;organic;organic;organic;related_searches,www.airmason.com;www.forbes.com;www.g2.com;www.hracuity.com;www.paylocity.com;www.reddit.com;www.rippling.com;www.youtube.com,
best help desk software,B2B SaaS,True,True,5,0,2,1,ai_overview;organic;organic;organic;organic;video;organic;organic;perspectives;organic;related_searches;organic;organic;organic;organic;organic;organic;organic;organic;organic;organic;related_searches,www.forbes.com;www.g2.com;www.pcmag.com;www.youtube.com;www.zendesk.com,
best video conferencing software,B2B SaaS,True,True,10,0,2,1,ai_overview;organic;people_also_ask;organic;organic;organic;organic;organic;organic;organic;organic;related_searches;organic;organic;organic;organic;organic;organic;organic;organic;organic;organic;related_searches,factorialhr.co.uk;googleworkspace.tscloud.com.my;mymeet.ai;nira.com;slack.com;www.jabra.com;www.pcmag.com;www.read.ai;www.ringcentral.com;www.youtube.com,
best password manager,B2B SaaS,True,True,12,0,2,1,ai_overview;organic;organic;discussions_and_forums;people_also_ask;organic;video;organic;organic;perspectives;organic;related_searches;organic;organic;organic;organic;organic;organic;organic;organic;organic;organic;related_searches,askleo.com;blog.lastpass.com;clickup.com;cyberinsider.com;heimdalsecurity.com;uk.pcmag.com;www.malcare.com;www.pcmag.com;www.security.org;www.techradar.com;www.youtube.com;zapier.com,
best business vpn,B2B SaaS,True,True,9,0,1,0,organic;organic;organic;ai_overview;organic;organic;discussions_and_forums;organic;organic;organic;related_searches;organic;organic;organic;organic;organic;organic;organic;organic;organic;organic;related_searches,allaboutcookies.org;blog.openvpn.net;circleid.com;nordlayer.com;proton.me;www.reddit.com;www.techradar.com;www.techrepublic.com;www.youtube.com,
best cloud storage,B2B SaaS,True,True,5,0,2,1,ai_overview;organic;organic;organic;organic;people_also_ask;organic;organic;organic;organic;perspectives;related_searches;organic;organic;organic;organic;organic;organic;organic;organic;organic;organic;related_searches,kripeshadwani.com;uk.pcmag.com;www.pcmag.com;www.youtube.com;zapier.com,
best website builder,B2B SaaS,True,True,5,0,2,1,ai_overview;organic;discussions_and_forums;people_also_ask;organic;organic;organic;organic;organic;organic;organic;related_searches;organic;organic;organic;organic;organic;organic;organic;organic;organic;organic;related_searches,launchthedamnthing.com;simvoly.com;www.experte.com;www.tooltester.com;www.youtube.com,
best ecommerce platform,B2B SaaS,True,True,6,0,2,1,ai_overview;organic;organic;organic;people_also_ask;organic;organic;video;organic;organic;organic;related_searches;organic;organic;organic;organic;organic;organic;organic;organic;organic;organic;related_searches,ecomm.design;www.forbes.com;www.reddit.com;www.shopify.com;www.youtube.com;zapier.com,
best payroll software,B2B SaaS,True,True,9,0,2,1,ai_overview;organic;organic;organic;organic;people_also_ask;video;organic;organic;organic;organic;organic;related_searches;organic;organic;organic;organic;organic;organic;organic;organic;organic;organic;popular_products;popular_products;popular_products;related_searches,gusto.com;quickbooks.intuit.com;www.adp.com;www.equalpaytoday.org;www.expertmarket.com;www.g2.com;www.reddit.com;www.swktech.com;www.youtube.com,
best erp software,B2B SaaS,False,False,0,0,1,0,organic;organic;organic;people_also_ask;organic;organic;organic;organic;short_videos;organic;organic;related_searches;organic;organic;organic;organic;organic;organic;organic;organic;organic;organic;related_searches,,
best marketing automation software,B2B SaaS,True,True,10,0,2,1,ai_overview;organic;organic;organic;organic;organic;organic;people_also_ask;organic;organic;organic;related_searches;organic;organic;organic;organic;organic;organic;organic;organic;organic;organic;related_searches,insiderone.com;optinmonster.com;pipeline.zoominfo.com;thatmarketingbuddy.com;ventureharbour.com;www.activepieces.com;www.gartner.com;www.munro.agency;www.reddit.com;zapier.com,
best live chat software,B2B SaaS,True,True,7,0,2,1,ai_overview;organic;people_also_ask;organic;organic;organic;organic;organic;organic;organic;video;related_searches;organic;organic;organic;organic;organic;organic;organic;organic;organic;organic;related_searches,albato.com;kayako.com;www.comm100.com;www.featurebase.app;www.tooltester.com;www.youtube.com;www.zendesk.com,
best survey tools,B2B SaaS,True,True,12,0,2,1,ai_overview;organic;organic;organic;organic;organic;people_also_ask;organic;organic;organic;organic;related_searches;organic;organic;organic;organic;organic;organic;organic;organic;organic;organic;related_searches,ligresoftware.com;surveyplanet.com;surveysparrow.com;www.guideflow.com;www.involve.me;www.pollfish.com;www.reddit.com;www.sogolytics.com;www.surveylab.com;www.surveymonkey.com;www.userflow.com;zapier.com,
best applicant tracking system,B2B SaaS,True,True,7,0,2,1,ai_overview;organic;organic;organic;organic;organic;organic;organic;people_also_ask;discussions_and_forums;organic;related_searches;organic;organic;organic;organic;organic;organic;organic;organic;organic;organic;related_searches,devsdata.com;jugglehire.com;talos360.co.uk;theundercoverrecruiter.com;www.pin.com;www.recruitment-process-outsourcing-media.com;www.reddit.com,
best expense management software,B2B SaaS,True,True,10,0,2,1,ai_overview;organic;organic;organic;organic;discussions_and_forums;organic;people_also_ask;organic;organic;organic;related_searches;organic;organic;organic;organic;organic;organic;organic;organic;organic;organic;related_searches,gosmallbusiness.co.uk;ramp.com;www.airwallex.com;www.bill.com;www.brex.com;www.capterra.com;www.expensein.com;www.gartner.com;www.reddit.com;www.youtube.com,
best time tracking software,B2B SaaS,True,True,9,0,2,1,ai_overview;organic;organic;organic;organic;organic;organic;video;people_also_ask;organic;organic;related_searches;organic;organic;organic;organic;organic;organic;organic;organic;organic;organic;related_searches,apploye.com;clockify.me;desklog.io;myhours.com;productive.io;www.paymoapp.com;www.reddit.com;www.youtube.com;zapier.com,
best espresso machine,Retail & Ecommerce,True,True,12,0,2,1,ai_overview;organic;organic;organic;perspectives;organic;popular_products;people_also_ask;organic;organic;organic;organic;popular_products;related_searches;organic;organic;organic;organic;organic;organic;organic;organic;organic;organic;popular_products;popular_products;popular_products;related_searches,www.bonappetit.com;www.foodandwine.com;www.google.com;www.merakitech.com;www.popsci.com;www.reddit.com;www.seriouseats.com;www.sfgate.com;www.themanual.com;www.wholelattelove.com;www.wired.com;www.youtube.com,
best robot vacuum,Retail & Ecommerce,True,True,7,0,2,1,ai_overview;organic;organic;organic;organic;popular_products;organic;organic;perspectives;organic;organic;related_searches;organic;organic;organic;organic;organic;organic;organic;organic;organic;organic;popular_products;popular_products;related_searches,blog.bestbuy.ca;vacuumwars.com;www.google.com;www.quora.com;www.techgearlab.com;www.thesmarthomehookup.com;www.youtube.com,
best air fryer,Retail & Ecommerce,True,True,15,0,2,1,ai_overview;organic;organic;people_also_ask;organic;organic;perspectives;popular_products;organic;organic;organic;organic;popular_products;related_searches;organic;organic;organic;organic;organic;organic;organic;organic;organic;organic;popular_products;popular_products;popular_products;related_searches,learn.surlatable.com;nymag.com;www.bhg.com;www.bonappetit.com;www.businessinsider.com;www.everythingkitchens.com;www.hgtv.com;www.instagram.com;www.nbcnews.com;www.nytimes.com;www.quora.com;www.reddit.com;www.seriouseats.com;www.yahoo.com;www.youtube.com,
best office chair,Retail & Ecommerce,True,True,10,0,2,1,ai_overview;organic;organic;perspectives;organic;organic;organic;popular_products;organic;organic;organic;related_searches;organic;organic;organic;organic;organic;organic;organic;organic;organic;organic;related_searches,nationalofficeinteriors.com;www.amazon.com;www.branchfurniture.com;www.btod.com;www.forbes.com;www.google.com;www.officechairsusa.com;www.popsci.com;www.reddit.com;www.youtube.com,
best standing desk,Retail & Ecommerce,True,True,8,0,2,1,ai_overview;organic;organic;organic;perspectives;organic;organic;organic;organic;popular_products;popular_products;organic;organic;related_searches;organic;organic;organic;organic;organic;organic;organic;organic;organic;organic;popular_products;popular_products;popular_products;popular_products;related_searches,www.9amhome.com;www.btod.com;www.deskone.com.au;www.google.com;www.telegraph.co.uk;www.upliftdesk.com;www.wired.com;www.youtube.com,
best mattress,Retail & Ecommerce,True,True,5,0,2,1,ai_overview;organic;organic;people_also_ask;perspectives;organic;organic;organic;popular_products;organic;organic;organic;related_searches;organic;organic;organic;organic;organic;organic;organic;organic;organic;organic;popular_products;popular_products;related_searches,naplab.com;shopmattressondemand.com;www.aarp.org;www.mattressnerd.com;www.ncoa.org,
best running shoes,Retail & Ecommerce,True,True,4,0,2,1,ai_overview;organic;organic;organic;organic;organic;organic;people_also_ask;organic;organic;organic;related_searches;organic;organic;organic;organic;organic;organic;organic;organic;organic;organic;popular_products;popular_products;related_searches,runrepeat.com;sixminutemile.com;www.dickssportinggoods.com;www.google.com,
best noise cancelling headphones,Retail & Ecommerce,True,True,12,0,2,1,ai_overview;organic;organic;organic;organic;organic;perspectives;discussions_and_forums;people_also_ask;organic;popular_products;organic;popular_products;related_searches;organic;organic;organic;organic;organic;organic;organic;organic;organic;organic;popular_products;popular_products;popular_products;related_searches,forum.hifiguides.com;mashable.com;recordingnow.com;www.akstech.com.sg;www.audioholics.com;www.gearpatrol.com;www.google.com;www.nytimes.com;www.rollingstone.com;www.rtings.com;www.whathifi.com;www.youtube.com,
best electric toothbrush,Retail & Ecommerce,True,True,10,0,2,1,ai_overview;organic;organic;organic;organic;people_also_ask;popular_products;organic;organic;popular_products;organic;organic;popular_products;organic;related_searches;organic;organic;organic;organic;organic;organic;organic;organic;organic;organic;popular_products;popular_products;related_searches,beyondinfinitydental.com.au;community.clark.com;oralb.com;www.cnn.com;www.forbes.com;www.google.com;www.health.com;www.mountainviewfamilydentistry.com;www.reddit.com;www.youtube.com,
best air purifier,Retail & Ecommerce,True,True,6,0,2,1,ai_overview;organic;organic;organic;organic;people_also_ask;popular_products;organic;perspectives;organic;organic;organic;popular_products;related_searches;organic;organic;organic;organic;organic;organic;organic;organic;organic;organic;popular_products;popular_products;popular_products;related_searches,housefresh.com;talk.clinicadvisor.com;www.forbes.com;www.google.com;www.reddit.com;www.youtube.com,
best coffee maker,Retail & Ecommerce,True,True,13,0,2,1,ai_overview;organic;organic;organic;organic;organic;perspectives;people_also_ask;organic;popular_products;organic;popular_products;organic;related_searches;organic;organic;organic;organic;organic;organic;organic;organic;organic;organic;popular_products;popular_products;popular_products;related_searches,reperch.com;www.canberratimes.com.au;www.coffeeness.de;www.everydaypeoplecoffeeandtea.com;www.google.com;www.opumo.com;www.popsci.com;www.reddit.com;www.seattlecoffeegear.com;www.seattlepi.com;www.seriouseats.com;www.thekitchn.com;www.wired.com,
best gaming laptop,Retail & Ecommerce,True,True,9,0,2,1,ai_overview;organic;popular_products;popular_products;people_also_ask;organic;discussions_and_forums;organic;organic;organic;popular_products;perspectives;popular_products;organic;organic;related_searches;organic;organic;organic;organic;organic;organic;organic;organic;organic;organic;popular_products;popular_products;related_searches,www.bestbuy.com;www.facebook.com;www.google.com;www.lifewire.com;www.newegg.com;www.pcmag.com;www.reddit.com;www.tomshardware.com;www.youtube.com,
best smartwatch,Retail & Ecommerce,True,True,5,0,2,1,ai_overview;organic;organic;organic;organic;perspectives;popular_products;people_also_ask;organic;organic;organic;popular_products;popular_products;organic;related_searches;organic;organic;organic;organic;organic;organic;organic;organic;organic;organic;popular_products;popular_products;popular_products;related_searches,www.cnet.com;www.google.com;www.refurb.me;www.techadvisor.com;www.wareable.com,
best blender,Retail & Ecommerce,True,True,12,0,2,1,ai_overview;organic;organic;organic;organic;discussions_and_forums;organic;popular_products;organic;perspectives;organic;organic;popular_products;related_searches;organic;organic;organic;organic;organic;organic;organic;organic;organic;organic;popular_products;popular_products;popular_products;related_searches,www.bbcgoodfood.com;www.bonappetit.com;www.google.com;www.juicers.co.uk;www.kitchenknifeforums.com;www.rtings.com;www.seriouseats.com;www.techgearlab.com;www.theguardian.com;www.thekitchn.com;www.thespruceeats.com;www.youtube.com,
best cordless vacuum,Retail & Ecommerce,True,True,10,0,2,1,ai_overview;organic;organic;organic;organic;people_also_ask;perspectives;organic;popular_products;organic;organic;organic;popular_products;related_searches;organic;organic;organic;organic;organic;organic;organic;organic;organic;organic;popular_products;popular_products;popular_products;popular_products;related_searches,lura.sg;vacuumwars.com;www.apartmenttherapy.com;www.businessinsider.com;www.google.com;www.rtings.com;www.samsung.com;www.techgearlab.com;www.telegraph.co.uk;www.youtube.com,
best mattress topper,Retail & Ecommerce,True,True,7,0,2,1,ai_overview;organic;organic;organic;organic;people_also_ask;organic;organic;popular_products;popular_products;perspectives;organic;organic;organic;related_searches;organic;organic;organic;organic;organic;organic;organic;organic;organic;organic;popular_products;popular_products;popular_products;popular_products;related_searches,sleepopolis.com;www.mattressclarity.com;www.ncoa.org;www.nytimes.com;www.reddit.com;www.sleepfoundation.org;www.youtube.com,
best portable charger,Retail & Ecommerce,True,True,10,0,2,1,ai_overview;organic;perspectives;organic;organic;organic;organic;people_also_ask;organic;organic;organic;related_searches;organic;organic;organic;organic;organic;organic;organic;organic;organic;organic;popular_products;popular_products;related_searches,community.clark.com;gearjunkie.com;nymag.com;www.anker.com;www.google.com;www.nytimes.com;www.packhacker.com;www.reddit.com;www.wired.com;www.youtube.com,
best wireless earbuds,Retail & Ecommerce,True,True,10,0,2,1,ai_overview;organic;organic;organic;organic;perspectives;popular_products;people_also_ask;organic;organic;organic;short_videos;related_searches;organic;organic;organic;organic;organic;organic;organic;organic;organic;organic;popular_products;popular_products;related_searches,www.bestbuy.com;www.cnet.com;www.crutchfield.com;www.fonezone.ae;www.pocket-lint.com;www.rtings.com;www.scarbir.com;www.soundcore.com;www.trustedreviews.com;www.zdnet.com,
best pressure washer,Retail & Ecommerce,True,True,7,0,2,1,ai_overview;organic;organic;organic;organic;popular_products;people_also_ask;organic;perspectives;organic;organic;popular_products;popular_products;organic;related_searches;organic;organic;organic;organic;organic;organic;organic;organic;organic;organic;popular_products;popular_products;popular_products;popular_products;related_searches,energyrates.ca;mikesmowersspokane.com;www.consumerreports.org;www.google.com;www.homedepot.com;www.nytimes.com;www.youtube.com,
best dishwasher,Retail & Ecommerce,True,True,6,0,2,1,ai_overview;organic;organic;people_also_ask;organic;organic;discussions_and_forums;popular_products;organic;perspectives;popular_products;organic;organic;popular_products;related_searches;organic;organic;organic;organic;organic;organic;organic;organic;organic;organic;popular_products;popular_products;popular_products;related_searches,www.consumerreports.org;www.fbsappliance.com;www.google.com;www.reddit.com;www.reviewed.com;www.youtube.com,
best travel credit cards,Travel,True,True,14,0,2,1,ai_overview;organic;organic;organic;organic;organic;people_also_ask;organic;organic;perspectives;organic;related_searches;organic;organic;organic;organic;organic;organic;organic;organic;organic;organic;related_searches,choosefi.com;finance.yahoo.com;metrobi.com;milesopedia.com;www.americanexpress.com;www.bankrate.com;www.camelsandchocolate.com;www.cnbc.com;www.cntraveler.com;www.creditkarma.com;www.going.com;www.nerdwallet.com;www.reddit.com;www.youtube.com,
cheap flights,Travel,False,False,0,0,1,0,organic;organic;organic;organic;organic;organic;organic;organic;organic;organic;related_searches;organic;organic;organic;organic;organic;organic;organic;organic;organic;organic;related_searches,,
best hotels in paris,Travel,False,False,0,0,2,1,hotels_pack;organic;organic;organic;organic;perspectives;organic;people_also_ask;organic;organic;organic;organic;related_searches;organic;organic;organic;organic;organic;organic;organic;organic;organic;organic;hotels_pack;related_searches,,
best all inclusive resorts,Travel,True,True,11,0,2,1,ai_overview;organic;organic;people_also_ask;organic;organic;organic;organic;organic;perspectives;organic;related_searches;organic;organic;organic;organic;organic;organic;organic;organic;organic;organic;related_searches,pixiehoneymoons.com;thepointsguy.com;www.ace.aaa.com;www.facebook.com;www.generalitravelinsurance.com;www.instagram.com;www.lemon8-app.com;www.luxurylink.com;www.reddit.com;www.travelpulse.com;www.youtube.com,
car rental deals,Travel,True,True,15,0,1,0,organic;ai_overview;organic;organic;organic;organic;organic;organic;organic;organic;related_searches;organic;organic;organic;organic;organic;organic;organic;organic;organic;organic;related_searches,mwg.aaa.com;unitedautorental.com;www.ace.aaa.com;www.budget.com;www.dollar.com;www.enterprise.com;www.expedia.com;www.hertz.com;www.hotwire.com;www.kayak.com;www.momondo.com;www.perk.com;www.skyscanner.com;www.uber.com;www.youtube.com,
cheap vacation packages,Travel,False,False,0,0,1,0,organic;organic;organic;organic;people_also_ask;organic;organic;organic;organic;organic;organic;related_searches;organic;organic;organic;organic;organic;organic;organic;organic;organic;organic;related_searches,,
best cruise lines,Travel,True,True,4,0,3,2,ai_overview;people_also_ask;organic;organic;organic;organic;organic;discussions_and_forums;organic;organic;short_videos;related_searches;organic;organic;organic;organic;organic;organic;organic;organic;organic;organic;related_searches,www.reddit.com;www.royalcaribbean.com;www.virginvoyages.com;www.youtube.com,
best travel rewards programs,Travel,True,True,12,0,2,1,ai_overview;organic;organic;organic;organic;organic;people_also_ask;discussions_and_forums;organic;organic;organic;related_searches;organic;organic;organic;organic;organic;organic;organic;organic;organic;organic;related_searches,choosefi.com;travel.usnews.com;upgradedpoints.com;www.businessinsider.com;www.camelsandchocolate.com;www.creditcards.com;www.creditkarma.com;www.going.com;www.kiplinger.com;www.nerdwallet.com;www.pajasaapartments.com;www.reddit.com,
best airline miles credit card,Travel,True,True,9,0,2,1,ai_overview;organic;organic;organic;organic;people_also_ask;discussions_and_forums;perspectives;organic;organic;organic;related_searches;organic;organic;organic;organic;organic;organic;organic;organic;organic;organic;related_searches,creditcards.chase.com;finance.yahoo.com;thepointsguy.com;www.camelsandchocolate.com;www.capitalone.com;www.cnbc.com;www.creditcards.com;www.facebook.com;www.nerdwallet.com,
disney world tickets,Travel,False,False,0,0,1,0,organic;organic;people_also_ask;organic;top_sights;organic;organic;organic;organic;organic;perspectives;organic;related_searches;knowledge_graph;google_reviews;third_party_reviews;third_party_reviews;third_party_reviews;organic;organic;organic;organic;organic;organic;organic;organic;organic;organic;related_searches,,
best hotel booking site,Travel,True,True,16,0,2,1,ai_overview;organic;organic;organic;people_also_ask;organic;organic;organic;organic;organic;organic;related_searches;organic;organic;organic;organic;organic;organic;organic;organic;organic;organic;related_searches,blog.axisrooms.com;blog.hotelogix.com;dataintelo.com;engine.com;hoteltechreport.com;ourtravelmix.com;revenue-hub.com;www.booking.com;www.cabinzero.com;www.facebook.com;www.frommers.com;www.hoteltonight.com;www.kayak.com;www.pcworld.com;www.revfine.com;www.smartertravel.com,
europe vacation packages,Travel,True,True,13,0,1,0,organic;organic;organic;ai_overview;organic;organic;people_also_ask;organic;organic;organic;organic;related_searches;organic;organic;organic;organic;organic;organic;organic;organic;organic;organic;related_searches,approachtours.com;topoztours.com.au;www.costcotravel.com;www.exodustravels.com;www.expedia.com;www.getours.com;www.greatvaluevacations.com;www.groupon.com;www.moneysense.ca;www.ricksteves.com;www.seattlemet.com;www.tourradar.com;www.yatra.com,
best beach destinations,Travel,True,True,5,0,2,1,ai_overview;organic;organic;people_also_ask;organic;organic;organic;organic;organic;organic;perspectives;related_searches;organic;organic;organic;organic;organic;organic;organic;organic;organic;organic;related_searches,all.accor.com;rtwin30days.com;www.ambassadorcruiseline.com;www.cntraveler.com;www.tripadvisor.com,
luxury hotels,Travel,True,True,9,0,3,2,ai_overview;hotels_pack;organic;organic;organic;people_also_ask;organic;organic;organic;perspectives;organic;organic;organic;related_searches;organic;organic;organic;organic;organic;organic;organic;organic;organic;organic;hotels_pack;related_searches,dreamerealestate.com;forcefamilyoffice.com;www.agoda.com;www.akbartravels.com;www.fivestaralliance.com;www.huffmantravel.com;www.instagram.com;www.prostay.com;www.tripadvisor.com,
best travel backpack,Travel,False,False,0,0,1,0,organic;organic;organic;organic;organic;popular_products;perspectives;organic;popular_products;organic;organic;organic;related_searches;organic;organic;organic;organic;organic;organic;organic;organic;organic;organic;popular_products;popular_products;popular_products;popular_products;related_searches,,
airport lounge access,Travel,True,True,6,0,2,1,ai_overview;organic;people_also_ask;organic;organic;organic;organic;organic;short_videos;video;organic;related_searches;organic;organic;organic;organic;organic;organic;organic;organic;organic;organic;related_searches,capitalonetravel.com;www.americanexpress.com;www.chase.com;www.nerdwallet.com;www.prioritypass.com;www.youtube.com,
best travel apps,Travel,True,True,10,0,2,1,ai_overview;organic;organic;organic;people_also_ask;organic;organic;organic;perspectives;discussions_and_forums;organic;related_searches;organic;organic;organic;organic;organic;organic;organic;organic;organic;organic;related_searches,hittheroadket.com;myvegantravels.com;navan.com;stories.polarsteps.com;wanderingnomada.com;www.atlasandboots.com;www.reddit.com;www.travellikeanna.com;www.wanderfullyrylie.com;www.youtube.com,
national park tours,Travel,True,True,10,0,2,1,ai_overview;organic;organic;people_also_ask;organic;organic;organic;organic;organic;organic;organic;related_searches;organic;organic;organic;organic;organic;organic;organic;organic;organic;organic;related_searches,approachtours.com;www.backroads.com;www.globusjourneys.com;www.gocollette.com;www.intrepidtravel.com;www.roadscholar.org;www.tauck.com;www.telegraph.co.uk;www.trafalgar.com;www.travelstride.com,
best places to visit,Travel,True,True,1,0,2,1,ai_overview;organic;organic;people_also_ask;organic;organic;organic;video;organic;organic;organic;related_searches;organic;organic;organic;organic;organic;organic;organic;organic;organic;organic;related_searches,travel.usnews.com,
cheap all inclusive vacations,Travel,True,True,8,0,2,1,ai_overview;organic;organic;organic;organic;organic;organic;people_also_ask;organic;organic;organic;related_searches;organic;organic;organic;organic;organic;organic;organic;organic;organic;organic;related_searches,atomictrips.com;blog.allinclusiveoutlet.com;ia600807.us.archive.org;thelodgeslancashire.co.uk;www.facebook.com;www.hom.org;www.reddit.com;www.usatoday.com,
personal injury lawyer,Legal,False,False,0,0,5,4,local_pack;local_pack;local_pack;people_also_ask;organic;organic;organic;organic;perspectives;organic;organic;organic;organic;related_searches;organic;organic;organic;organic;organic;organic;organic;organic;organic;organic;related_searches,,
car accident lawyer,Legal,False,False,0,0,5,4,local_pack;local_pack;local_pack;people_also_ask;organic;organic;organic;organic;organic;organic;organic;organic;organic;related_searches;organic;organic;organic;organic;organic;organic;organic;organic;organic;organic;related_searches,,
best llc service,Legal,False,False,0,0,3,2,featured_snippet;people_also_ask;organic;organic;organic;organic;video;organic;perspectives;organic;related_searches;organic;organic;organic;organic;organic;organic;organic;organic;organic;organic;related_searches,,
divorce lawyer cost,Legal,True,True,7,0,2,1,ai_overview;organic;people_also_ask;discussions_and_forums;organic;organic;organic;organic;organic;short_videos;organic;related_searches;organic;organic;organic;organic;organic;organic;organic;organic;organic;organic;related_searches,ailawyer.pro;divorcelawyerstlouismo.com;faircadora.com;lishmanlaw.com;tinamaddoxlaw.com;www.custodyxchange.com;www.reddit.com,
estate planning attorney,Legal,True,True,11,0,2,1,ai_overview;organic;people_also_ask;organic;organic;organic;organic;organic;organic;organic;organic;related_searches;knowledge_graph;google_reviews;organic;organic;organic;organic;organic;organic;organic;organic;organic;organic;related_searches,www.actec.org;www.americanbar.org;www.burnettlegalgroup.com;www.capecoralattorney.com;www.drexlerlawgroup.com;www.fidelity.com;www.goldsteinhilley.com;www.metlife.com;www.robertkaplanlaw.com;www.tbls.org;www.youtube.com,
dui lawyer,Legal,False,False,0,0,6,5,images;local_pack;local_pack;local_pack;people_also_ask;organic;organic;organic;organic;perspectives;organic;organic;organic;organic;related_searches;organic;organic;organic;organic;organic;organic;organic;organic;organic;organic;related_searches,,
workers compensation lawyer,Legal,False,False,0,0,5,4,local_pack;local_pack;local_pack;people_also_ask;organic;organic;organic;organic;organic;organic;organic;organic;organic;related_searches;organic;organic;organic;organic;organic;organic;organic;organic;organic;organic;related_searches,,
best online will service,Legal,True,True,6,0,2,1,ai_overview;organic;organic;organic;discussions_and_forums;people_also_ask;organic;perspectives;organic;organic;organic;related_searches;organic;organic;organic;organic;organic;organic;organic;organic;organic;organic;related_searches,www.cnbc.com;www.legalzoom.com;www.ncoa.org;www.nytimes.com;www.retirementliving.com;www.youtube.com,
trademark registration service,Legal,True,True,9,0,2,1,ai_overview;organic;organic;organic;organic;organic;organic;organic;organic;organic;related_searches;organic;organic;organic;organic;organic;organic;organic;organic;organic;organic;related_searches,counselforcreators.com;flatfeecorp.com;igerent.com;midtownlawaz.com;news.ycombinator.com;www.forbes.com;www.legalzoom.com;www.reddit.com;www.trademarkengine.com,
business formation service,Legal,True,True,8,0,2,1,ai_overview;organic;organic;people_also_ask;organic;organic;organic;organic;organic;organic;organic;related_searches;organic;organic;organic;organic;organic;organic;organic;organic;organic;organic;related_searches,advantage-de.com;omnilawpc.com;www.legalgps.com;www.njportal.com;www.rasi.com;www.upcounsel.com;www.wolterskluwer.com;www.youtube.com,
immigration lawyer,Legal,False,False,0,0,6,5,local_pack;local_pack;local_pack;people_also_ask;product_considerations;organic;organic;organic;organic;organic;organic;organic;organic;organic;related_searches;organic;organic;organic;organic;organic;organic;organic;organic;organic;organic;related_searches,,
bankruptcy lawyer,Legal,False,False,0,0,5,4,local_pack;local_pack;local_pack;people_also_ask;organic;organic;organic;people_also_search;organic;video;organic;organic;organic;organic;related_searches;organic;organic;organic;organic;organic;organic;organic;organic;organic;organic;related_searches,,
medical malpractice lawyer,Legal,False,False,0,0,5,4,local_pack;local_pack;local_pack;people_also_ask;organic;organic;organic;organic;organic;organic;organic;organic;organic;related_searches;organic;organic;organic;organic;organic;organic;organic;organic;organic;organic;related_searches,,
employment lawyer,Legal,True,True,10,0,6,5,ai_overview;local_pack;local_pack;local_pack;people_also_ask;organic;organic;organic;organic;organic;organic;organic;organic;organic;related_searches;organic;organic;organic;organic;organic;organic;organic;organic;organic;organic;related_searches,engagement.nela.org;maemploymentlawyers.com;nolanryanlaw.com;shapirolegal.com;www.forthepeople.com;www.hq-law.com;www.justia.com;www.kyleleelaw.com;www.nela.org;www.youtube.com,
best legalzoom alternative,Legal,True,True,12,0,2,1,ai_overview;organic;organic;discussions_and_forums;organic;perspectives;people_also_ask;organic;organic;video;organic;related_searches;organic;organic;organic;organic;organic;organic;organic;organic;organic;organic;related_searches,ailawyer.pro;easyfiling.com;muddyrivernews.com;www.bizreport.com;www.consumeraffairs.com;www.cyberimpact.com;www.g2.com;www.homestyler.com;www.quora.com;www.reddit.com;www.youtube.com;www.zenbusiness.com,
patent attorney,Legal,False,False,0,0,1,0,organic;people_also_ask;local_pack;local_pack;local_pack;organic;product_considerations;organic;organic;organic;organic;organic;organic;organic;organic;related_searches;organic;organic;organic;organic;organic;organic;organic;organic;organic;organic;related_searches,,
real estate attorney,Legal,False,False,0,0,5,4,local_pack;local_pack;local_pack;people_also_ask;organic;organic;organic;organic;organic;organic;organic;organic;organic;related_searches;organic;organic;organic;organic;organic;organic;organic;organic;organic;organic;related_searches,,
wrongful termination lawyer,Legal,False,False,0,0,5,4,local_pack;local_pack;local_pack;people_also_ask;organic;organic;organic;organic;organic;organic;organic;organic;organic;related_searches;organic;organic;organic;organic;organic;organic;organic;organic;organic;organic;related_searches,,
how to file a class action lawsuit,Legal,True,True,13,0,2,1,ai_overview;organic;people_also_ask;organic;organic;organic;organic;organic;organic;organic;organic;related_searches;organic;organic;organic;organic;organic;organic;organic;organic;organic;organic;related_searches,bencrump.com;nixlaw.com;themorganconnection.com;www.9news.com;www.bestlawyers.com;www.classaction.org;www.daeryunlaw.com;www.elkandelk.com;www.findlaw.com;www.hbsslaw.com;www.justia.com;www.lewisbabcock.com;www.shouselaw.com,
contract lawyer,Legal,True,True,20,0,6,5,ai_overview;local_pack;local_pack;local_pack;people_also_ask;organic;organic;organic;organic;organic;organic;organic;organic;organic;related_searches;organic;organic;organic;organic;organic;organic;organic;organic;organic;organic;related_searches,attorneys.superlawyers.com;burrell-law.com;highplains.law;lawteam.com;mcculloughlaw.com;mhmfirm.com;mosaicsearchpartners.com;www.axiomlaw.com;www.fritchlaw.com;www.hockerlawfirm.com;www.jmuirandassociates.com;www.larsenrico.com;www.marketwatch.com;www.rflawyers.com;www.rocketlawyer.com;www.salvilaw.com;www.setzler-scott.com;www.upcounsel.com;www.usnews.com;www.youtube.com,
best home warranty,Home Services,False,False,0,0,1,0,organic;organic;people_also_ask;people_also_search;organic;organic;organic;organic;organic;organic;organic;organic;related_searches;organic;organic;organic;organic;organic;organic;organic;organic;organic;organic;related_searches,,
solar panel cost,Home Services,False,False,0,0,1,0,organic;people_also_ask;organic;organic;popular_products;organic;organic;organic;organic;organic;organic;organic;perspectives;related_searches;organic;organic;organic;organic;organic;organic;organic;organic;organic;organic;popular_products;popular_products;popular_products;related_searches,,
hvac replacement cost,Home Services,True,True,10,0,2,1,ai_overview;organic;people_also_ask;organic;organic;organic;organic;organic;organic;organic;organic;related_searches;organic;organic;organic;organic;organic;organic;organic;organic;organic;organic;related_searches,arcticairkc.com;hvacservicespro.com;www.ahs.com;www.angi.com;www.bryant.com;www.carrier.com;www.cbsnews.com;www.perfectstarhvac.com;www.reddit.com;www.trane.com,
roof replacement cost,Home Services,True,True,10,0,2,1,ai_overview;organic;people_also_ask;organic;organic;organic;organic;organic;organic;organic;organic;related_searches;organic;organic;organic;organic;organic;organic;organic;organic;organic;organic;related_searches,12stonesroofing.com;fivepointsroofing.com;rabbit-roofing.com;rapidroofing.com;roofingcalculator.com;www.angi.com;www.herbertroofing.com;www.nerdwallet.com;www.quora.com;www.reddit.com,
best pest control services,Home Services,False,False,0,0,5,4,local_pack;local_pack;local_pack;people_also_ask;organic;organic;organic;organic;organic;organic;organic;organic;organic;related_searches;organic;organic;organic;organic;organic;organic;organic;organic;organic;organic;related_searches,,
best home security system,Home Services,True,True,7,0,2,1,ai_overview;organic;organic;organic;organic;perspectives;organic;organic;organic;people_also_ask;popular_products;organic;related_searches;organic;organic;organic;organic;organic;organic;organic;organic;organic;organic;popular_products;popular_products;popular_products;popular_products;related_searches,classicrollershutters.com.au;realestate.usnews.com;www.consumerreports.org;www.google.com;www.safehome.org;www.security.org;www.youtube.com,
house cleaning services,Home Services,False,False,0,0,4,3,local_pack;local_pack;local_pack;organic;organic;people_also_ask;organic;organic;organic;organic;organic;organic;organic;related_searches;organic;organic;organic;organic;organic;organic;organic;organic;organic;organic;related_searches,,
gutter installation cost,Home Services,True,True,10,0,2,1,ai_overview;organic;people_also_ask;organic;organic;video;short_videos;organic;organic;organic;organic;related_searches;organic;organic;organic;organic;organic;organic;organic;organic;organic;organic;related_searches,benchmarkqualitygutters.com;casaroofingsa.com;roofingranger.com;sunergysolutionsllc.com;www.ecowatch.com;www.homewyse.com;www.nerdwallet.com;www.plygem.com;www.reddit.com;www.youtube.com,
window replacement cost,Home Services,True,True,11,0,2,1,ai_overview;organic;people_also_ask;organic;organic;organic;organic;organic;video;perspectives;organic;related_searches;organic;organic;organic;organic;organic;organic;organic;organic;organic;organic;related_searches,cobexcg.com;fusionwindows.com;homemakeovernj.com;modernize.com;www.capitalremodeling.com;www.evergreenwindow.com;www.homedepot.com;www.jctonnotti.com;www.nerdwallet.com;www.pella.com;www.thisoldhouse.com,
plumber near me,Home Services,False,False,0,0,5,4,local_pack;local_pack;local_pack;people_also_ask;organic;organic;organic;organic;organic;organic;organic;organic;organic;related_searches;organic;organic;organic;organic;organic;organic;organic;organic;organic;organic;related_searches,,
best moving companies,Home Services,True,True,7,0,2,1,ai_overview;organic;local_pack;local_pack;local_pack;people_also_ask;organic;organic;organic;organic;organic;organic;organic;organic;related_searches;organic;organic;organic;organic;organic;organic;organic;organic;organic;organic;related_searches,olympiamoving.com;realestate.usnews.com;wellknownmoving.com;www.consumeraffairs.com;www.mayflower.com;www.mountainmoversatx.com;www.nerdwallet.com,
lawn care services,Home Services,False,False,0,0,6,5,local_pack;local_pack;local_pack;people_also_ask;product_considerations;organic;organic;organic;organic;organic;organic;organic;organic;organic;related_searches;organic;organic;organic;organic;organic;organic;organic;organic;organic;organic;related_searches,,
water heater replacement cost,Home Services,False,False,0,0,1,0,organic;people_also_ask;organic;popular_products;people_also_search;discussions_and_forums;organic;organic;organic;organic;organic;short_videos;organic;related_searches;organic;organic;organic;organic;organic;organic;organic;organic;organic;organic;popular_products;popular_products;popular_products;related_searches,,
kitchen remodel cost,Home Services,True,True,8,0,2,1,ai_overview;organic;people_also_ask;organic;discussions_and_forums;organic;organic;short_videos;organic;video;organic;related_searches;organic;organic;organic;organic;organic;organic;organic;organic;organic;organic;related_searches,ambiancecreations.org;thepatriotwoodworker.com;www.architecturaldigest.com;www.builderssurplus.net;www.homedepot.com;www.houzz.com;www.reddit.com;www.usacabinetstore.com,
foundation repair cost,Home Services,True,True,10,0,2,1,ai_overview;organic;people_also_ask;organic;organic;video;organic;perspectives;organic;organic;organic;related_searches;organic;organic;organic;organic;organic;organic;organic;organic;organic;organic;related_searches,foundationprosfl.com;heliconusa.com;homeguide.com;www.angi.com;www.reddit.com;www.thefoundationworks.com;www.thumbtack.com;www.twobrosfoundationrepair.com;www.youtube.com;www.zicklincontracting.com,
tree removal cost,Home Services,True,True,6,0,3,2,ai_overview;people_also_ask;organic;discussions_and_forums;organic;organic;organic;organic;organic;organic;organic;related_searches;organic;organic;organic;organic;organic;organic;organic;organic;organic;organic;related_searches,www.angi.com;www.cutngotrees.com;www.lawnstarter.com;www.mcdonaldtree.com;www.reddit.com;www.veneertreeservice.com,
garage door repair,Home Services,False,False,0,0,5,4,local_pack;local_pack;local_pack;people_also_ask;organic;organic;organic;organic;organic;organic;organic;organic;organic;related_searches;organic;organic;organic;organic;organic;organic;organic;organic;organic;organic;related_searches,,
best internet providers,Home Services,True,True,3,0,2,1,ai_overview;organic;people_also_ask;organic;organic;organic;organic;organic;organic;organic;video;related_searches;organic;organic;organic;organic;organic;organic;organic;organic;organic;organic;related_searches,www.highspeedinternet.com;www.inmyarea.com;www.youtube.com,
junk removal services,Home Services,False,False,0,0,5,4,local_pack;local_pack;local_pack;people_also_ask;organic;organic;organic;organic;organic;organic;organic;organic;organic;related_searches;organic;organic;organic;organic;organic;organic;organic;organic;organic;organic;related_searches,,
bathroom remodel cost,Home Services,True,True,7,0,2,1,ai_overview;organic;people_also_ask;organic;discussions_and_forums;organic;organic;short_videos;perspectives;organic;organic;related_searches;organic;organic;organic;organic;organic;organic;organic;organic;organic;organic;related_searches,prlglass.com;www.fastexpert.com;www.houzz.com;www.improveitusa.com;www.nerdwallet.com;www.usacabinetstore.com;www.youtube.com,
best online mba,Education,False,False,0,0,1,0,organic;organic;organic;organic;people_also_ask;organic;organic;organic;organic;organic;organic;related_searches;organic;organic;organic;organic;organic;organic;organic;organic;organic;organic;related_searches,,
online college degrees,Education,True,True,9,0,2,1,ai_overview;organic;organic;organic;organic;people_also_ask;organic;organic;organic;organic;organic;related_searches;organic;organic;organic;organic;organic;organic;organic;organic;organic;organic;related_searches,asuonline.asu.edu;online.arizona.edu;online.calstate.edu;research.com;ufonline.ufl.edu;www.accreditedschoolsonline.org;www.onlinecolleges.net;www.uopeople.edu;www.youtube.com,
best coding bootcamp,Education,False,False,0,0,1,0,organic;organic;organic;people_also_ask;organic;discussions_and_forums;organic;organic;organic;organic;related_searches;organic;organic;organic;organic;organic;organic;organic;organic;organic;organic;related_searches,,
best language learning app,Education,True,True,9,0,2,1,ai_overview;organic;organic;organic;people_also_ask;perspectives;organic;organic;organic;organic;organic;related_searches;organic;organic;organic;organic;organic;organic;organic;organic;organic;organic;related_searches,au.pcmag.com;ilampadmanabhan.medium.com;tanyamozias.substack.com;www.nbcnews.com;www.nytimes.com;www.polychatapp.com;www.reddit.com;www.smarterlanguage.com;www.youtube.com,
project management certification,Education,True,True,14,0,2,1,ai_overview;organic;product_considerations;people_also_ask;organic;organic;discussions_and_forums;organic;organic;perspectives;organic;organic;related_searches;organic;organic;organic;organic;organic;organic;organic;organic;organic;organic;related_searches,591lab.com;grow.google;projectmanagementacademy.net;projectmanagersuccess.com;sg.indeed.com;www.coursera.org;www.migso-pcubed.com;www.mollearn.com;www.pmi.org;www.reddit.com;www.tealhq.com;www.uclaextension.edu;www.whizlabs.com;www.youtube.com,
best online courses,Education,True,True,12,0,2,1,ai_overview;organic;people_also_ask;organic;organic;organic;organic;video;organic;organic;organic;related_searches;organic;organic;organic;organic;organic;organic;organic;organic;organic;related_searches,alison.com;attrock.com;bagisto.com;royalopencollege.org;www.coursera.org;www.customerhub.com;www.indeed.com;www.ispring.com;www.jobaajlearnings.com;www.reddit.com;www.udemy.com;www.youtube.com,
data science bootcamp,Education,False,False,0,0,1,0,organic;organic;organic;discussions_and_forums;organic;people_also_ask;organic;organic;organic;organic;organic;product_considerations;related_searches;organic;organic;organic;organic;organic;organic;organic;organic;organic;organic;related_searches,,
best mba programs,Education,False,False,0,0,1,0,organic;people_also_ask;discussions_and_forums;organic;organic;organic;organic;organic;organic;organic;organic;related_searches;organic;organic;organic;organic;organic;organic;organic;organic;organic;organic;related_searches,,
online nursing programs,Education,True,True,9,0,2,1,ai_overview;organic;people_also_ask;organic;organic;organic;organic;organic;organic;organic;organic;related_searches;organic;organic;organic;organic;organic;organic;organic;organic;organic;organic;related_searches,academicpartnerships.uta.edu;degree.lamar.edu;nursejournal.org;onlinedegrees.elmhurst.edu;research.com;www.chamberlain.edu;www.ucf.edu;www.wgu.edu;www.youtube.com,
best test prep,Education,True,True,9,0,2,1,ai_overview;organic;local_pack;local_pack;local_pack;people_also_ask;organic;organic;organic;organic;video;organic;organic;organic;related_searches;organic;organic;organic;organic;organic;organic;organic;organic;organic;organic;related_searches,blog.prepscholar.com;www.act.org;www.amazon.com;www.charlotteobserver.com;www.facebook.com;www.kaptest.com;www.manhattanprep.com;www.princetonreview.com;www.youtube.com,
cybersecurity certification,Education,True,True,15,0,2,1,ai_overview;organic;organic;organic;organic;people_also_search;product_considerations;people_also_ask;organic;organic;discussions_and_forums;organic;organic;related_searches;organic;organic;organic;organic;organic;organic;organic;organic;organic;organic;related_searches,github.com;labex.io;research.com;tiesinstitute.com;trainingcamp.com;unihackers.com;www.comptia.org;www.coursera.org;www.fullerton.edu;www.infosecurityeurope.com;www.isc2.org;www.offsec.com;www.reddit.com;www.snhu.edu;www.youtube.com,
online masters degree,Education,True,True,8,0,2,1,ai_overview;organic;organic;organic;organic;organic;product_considerations;organic;organic;organic;organic;related_searches;organic;organic;organic;organic;organic;organic;organic;organic;organic;organic;related_searches,learn.org;www.coursera.org;www.mastersinai.org;www.online.drexel.edu;www.sps.nyu.edu;www.ucf.edu;www.worldcampus.psu.edu;www.youtube.com,
best college for computer science,Education,True,True,6,0,2,1,ai_overview;organic;people_also_ask;organic;organic;organic;discussions_and_forums;video;perspectives;organic;organic;related_searches;organic;organic;organic;organic;organic;organic;organic;organic;organic;organic;related_searches,goelite.com;stilt.com;www.lanterncollegecounseling.com;www.niche.com;www.reddit.com;www.youtube.com,
google career certificates,Education,False,False,0,0,1,0,organic;people_also_ask;discussions_and_forums;organic;organic;organic;organic;organic;related_searches;organic;organic;organic;organic;organic;organic;organic;organic;organic;organic;related_searches,,
best online tutoring,Education,True,True,6,0,2,1,ai_overview;organic;organic;organic;people_also_ask;discussions_and_forums;organic;organic;video;perspectives;organic;related_searches;organic;organic;organic;organic;organic;organic;organic;organic;organic;organic;related_searches,www.etutorworld.com;www.fullmindlearning.com;www.tutor.com;www.varsitytutors.com;www.yo-coach.com;www.youtube.com,
cpa exam prep,Education,False,False,0,0,1,0,organic;organic;organic;organic;organic;people_also_ask;organic;organic;organic;organic;perspectives;related_searches;organic;organic;organic;organic;organic;organic;organic;organic;organic;organic;related_searches,,
best pmp certification course,Education,True,True,14,0,2,1,ai_overview;organic;organic;organic;discussions_and_forums;people_also_ask;organic;organic;organic;organic;organic;related_searches;organic;organic;organic;organic;organic;organic;organic;organic;organic;organic;related_searches,mentorcruise.com;peoplemanagingpeople.com;plcprogramming.io;research.com;thecmo.com;www.coursera.org;www.dreamgrow.com;www.invensislearning.com;www.pmi.org;www.ppm.express;www.project-management-prepcast.com;www.reddit.com;www.udemy.com;www.velopi.com,
executive education programs,Education,True,True,9,0,2,1,ai_overview;organic;organic;organic;organic;organic;organic;organic;discussions_and_forums;video;people_also_ask;related_searches;organic;organic;organic;organic;organic;organic;organic;organic;organic;organic;related_searches,digitaldefynd.com;execed.stern.nyu.edu;executive.mit.edu;executiveeducation.wharton.upenn.edu;foster.uw.edu;managementconsulted.com;research.com;www.exed.hbs.edu;www.gsb.stanford.edu,
online psychology degree,Education,True,True,13,0,1,0,organic;ai_overview;organic;people_also_ask;organic;discussions_and_forums;organic;organic;organic;organic;organic;related_searches;organic;organic;organic;organic;organic;organic;organic;organic;organic;organic;related_searches,explore.suny.edu;online.gsu.edu;online.ku.edu;online.louisville.edu;psychology.gmu.edu;research.com;ufonline.ufl.edu;www.bestcolleges.com;www.online.drexel.edu;www.phoenix.edu;www.psychologydegrees.org;www.rowan.edu;www.youtube.com,
best study apps,Education,True,True,11,0,2,1,ai_overview;organic;organic;discussions_and_forums;people_also_ask;organic;organic;organic;perspectives;organic;organic;related_searches;organic;organic;organic;organic;organic;organic;organic;organic;organic;organic;related_searches,laxuai.com;medium.com;mystudylife.com;study.uq.edu.au;www.brainscape.com;www.cialfo.co;www.goalswon.com;www.mathgptpro.com;www.reddit.com;www.stjohns.edu;www.youtube.com,
